Activity Date,Process Date,Settle Date,Instrument,Description,Trans Code,Quantity,Price,Amount
6/9/2023,6/9/2023,6/9/2023,,Transfer from Brokerage to Spending,XENT,,,-$50.00
6/9/2023,6/9/2023,6/12/2023,NVDA,NVDA 6/16/2023 Put $380.00,STO,1,$3.47,$346.98
6/9/2023,6/9/2023,6/12/2023,NVDA,NVDA 6/16/2023 Put $375.00,BTO,1,$2.40,-$240.00
6/9/2023,6/9/2023,6/12/2023,NVDA,NVDA 6/9/2023 Put $375.00,BTC,1,$0.03,-$3.00
6/9/2023,6/9/2023,6/12/2023,NVDA,NVDA 6/9/2023 Put $370.00,STC,1,$0.01,$0.98
6/8/2023,6/8/2023,6/9/2023,PLTR,PLTR 6/30/2023 Call $14.00,BTC,1,$1.84,-$184.00
6/7/2023,6/7/2023,6/8/2023,MSFT,MSFT 6/9/2023 Put $317.50,STC,1,$0.25,$24.98
6/7/2023,6/7/2023,6/8/2023,MSFT,MSFT 6/9/2023 Put $322.50,BTC,1,$0.76,-$76.00
6/6/2023,6/6/2023,6/6/2023,JEPI,Cash Div: R/D 2023-06-02 P/D 2023-06-06 - 2 shares at 0.36541,CDIV,,,$0.73
6/5/2023,6/5/2023,6/6/2023,PLTR,PLTR 1/17/2025 Call $12.00,BTO,1,$6.90,-$690.00
6/5/2023,6/5/2023,6/7/2023,AI,"C3.AI
CUSIP: 12468P104",Buy,5,$34.44,-$172.20
6/5/2023,6/5/2023,6/6/2023,SOFI,SOFI 1/19/2024 Call $6.00,BTO,1,$2.13,-$213.00
6/2/2023,6/2/2023,6/5/2023,TSLA,Option Expiration for TSLA 6/2/2023 Put $182.50,OEXP,1,,
6/2/2023,6/2/2023,6/5/2023,TSLA,Option Expiration for TSLA 6/2/2023 Put $180.00,OEXP,1S,,
6/2/2023,6/2/2023,6/2/2023,,Gold Fee,GOLD,,,-$5.00
6/2/2023,6/2/2023,6/2/2023,,Aggregated Margin Rate,MINT,,,-$10.19
6/1/2023,6/1/2023,6/5/2023,NVDA,"NVIDIA
CUSIP: 67066G104",Buy,1,$386.12,-$386.13
6/1/2023,6/1/2023,6/5/2023,AI,"C3.AI
CUSIP: 12468P104",Buy,4,$33.34,-$133.35
5/31/2023,5/31/2023,5/31/2023,DIVO,Cash Div: R/D 2023-05-30 P/D 2023-05-31 - 2 shares at 0.13928,CDIV,,,$0.28
5/31/2023,5/31/2023,5/31/2023,XYLD,Manufactured Div: R/D 2023-05-23 P/D 2023-05-31 - 1 shares at 0.284,MDIV,,,$0.28
5/31/2023,5/31/2023,5/31/2023,SVOL,Cash Div: R/D 2023-05-26 P/D 2023-05-31 - 1 shares at 0.32,CDIV,,,$0.32
5/31/2023,5/31/2023,6/1/2023,NVDA,NVDA 6/9/2023 Put $375.00,STO,1,$5.04,$503.98
5/31/2023,5/31/2023,6/1/2023,NVDA,NVDA 6/9/2023 Put $370.00,BTO,1,$3.79,-$379.00
5/30/2023,5/30/2023,6/1/2023,MASS,"908 Devices
CUSIP: 65443P102",Sell,10,$9.02,$90.23
5/30/2023,5/30/2023,6/1/2023,MRVL,"Marvell Technology
CUSIP: 573874104",Sell,5,$64.31,$321.55
5/30/2023,5/30/2023,6/1/2023,AI,"C3.AI
CUSIP: 12468P104",Buy,1,$39.62,-$39.63
5/30/2023,5/30/2023,6/1/2023,NVDA,"NVIDIA
CUSIP: 67066G104",Buy,1,$411.54,-$411.54
5/30/2023,5/30/2023,5/30/2023,,Transfer from Brokerage to Spending,XENT,,,-$50.00
5/26/2023,5/26/2023,5/30/2023,PLTR,PLTR 6/2/2023 Call $13.50,BTC,1,$0.91,-$91.00
5/26/2023,5/26/2023,5/30/2023,PLTR,PLTR 6/30/2023 Call $14.00,STO,1,$1.21,$120.98
5/26/2023,5/26/2023,5/30/2023,TSLA,TSLA 6/2/2023 Put $182.50,STO,1,$2.29,$228.98
5/26/2023,5/26/2023,5/30/2023,TSLA,TSLA 6/2/2023 Put $180.00,BTO,1,$1.68,-$168.00
5/26/2023,5/26/2023,5/30/2023,MSFT,MSFT 6/9/2023 Put $317.50,BTO,1,$2.61,-$261.00
5/26/2023,5/26/2023,5/30/2023,MSFT,MSFT 6/9/2023 Put $322.50,STO,1,$4.09,$408.98
5/26/2023,5/26/2023,5/31/2023,MSFT,"Microsoft
CUSIP: 594918104",Buy,1,$326.25,-$326.25
5/26/2023,5/26/2023,5/31/2023,MRVL,"Marvell Technology
CUSIP: 573874104",Buy,5,$61.08,-$305.38
5/25/2023,5/25/2023,5/30/2023,NVDA,"NVIDIA
CUSIP: 67066G104",Sell,1,$374.87,$374.87
5/25/2023,5/25/2023,5/30/2023,ADPT,"Adaptive Biotechnologies
CUSIP: 00650F109",Sell,10,$6.90,$69.02
5/25/2023,5/25/2023,5/30/2023,AMD,"AMD
CUSIP: 007903107",Sell,3,$116.44,$349.31
5/25/2023,5/25/2023,5/30/2023,NVDA,"NVIDIA
CUSIP: 67066G104",Buy,1,$379.52,-$379.52
5/25/2023,5/25/2023,5/26/2023,PLTR,PLTR 6/2/2023 Call $13.50,STO,1,$0.46,$45.98
5/25/2023,5/25/2023,5/26/2023,PLTR,PLTR 6/21/2024 Call $12.00,BTO,1,$4.05,-$405.00
5/25/2023,5/25/2023,5/30/2023,AMD,"AMD
CUSIP: 007903107",Buy,2,$119.02,-$238.04
5/25/2023,5/25/2023,5/30/2023,NVDA,"NVIDIA
CUSIP: 67066G104",Sell,1,$380.74,$380.74
5/24/2023,5/24/2023,5/25/2023,TSLA,TSLA 5/26/2023 Put $170.00,STC,1,$0.56,$55.98
5/24/2023,5/24/2023,5/25/2023,TSLA,TSLA 5/26/2023 Put $185.00,BTC,1,$6.59,-$659.00
5/24/2023,5/24/2023,5/26/2023,AMZN,"Amazon
CUSIP: 023135106",Buy,1,$116.36,-$116.36
5/24/2023,5/24/2023,5/26/2023,PANW,"Palo Alto Networks
CUSIP: 697435105",Buy,1,$202.41,-$202.41
5/23/2023,5/23/2023,5/25/2023,ADPT,"Adaptive Biotechnologies
CUSIP: 00650F109",Buy,10,$6.55,-$65.50
5/23/2023,5/23/2023,5/25/2023,MASS,"908 Devices
CUSIP: 65443P102",Buy,10,$10.30,-$102.99
5/23/2023,5/23/2023,5/25/2023,SCHW,"Charles Schwab
CUSIP: 808513105",Sell,1,$52.32,$52.32
5/23/2023,5/23/2023,5/25/2023,TMV,"Direxion Daily 20+ Year Treasury Bear 3X Shares (based on the NYSE 20 Year Plus Treasury Bond Index; symbol AXTWEN)
CUSIP: 25460G849",Sell,1,$126.12,$126.12
5/22/2023,5/22/2023,5/22/2023,APA,Cash Div: R/D 2023-04-21 P/D 2023-05-22 - 100 shares at 0.25,CDIV,,,$25.00
5/22/2023,5/22/2023,5/24/2023,RCL,"Royal Caribbean Group
CUSIP: V7780T103",Sell,1,$81.11,$81.11
5/22/2023,5/22/2023,5/24/2023,TSLL,"Direxion Shares ETF Trust Direxion Daily TSLA Bull 1.5X Shares
CUSIP: 25460G286",Sell,30,$10.50,$315.05
5/22/2023,5/22/2023,5/24/2023,SVOL,"Simplify Volatility Premium ETF
CUSIP: 82889N863",Buy,1,$22.21,-$22.21
5/22/2023,5/22/2023,5/24/2023,TSLL,"Direxion Shares ETF Trust Direxion Daily TSLA Bull 1.5X Shares
CUSIP: 25460G286",Buy,30,$10.21,-$306.30
5/19/2023,5/19/2023,5/22/2023,TSLA,TSLA 5/19/2023 Put $170.00,BTC,1,$0.02,-$2.00
5/19/2023,5/19/2023,5/22/2023,TSLA,TSLA 5/19/2023 Put $167.50,STC,1,$0.01,$0.98
5/19/2023,5/19/2023,5/22/2023,TSLA,TSLA 5/19/2023 Put $170.00,BTC,1,$0.02,-$2.00
5/19/2023,5/19/2023,5/22/2023,TSLA,TSLA 5/19/2023 Put $167.50,STC,1,$0.01,$0.98
5/19/2023,5/19/2023,5/23/2023,PLTR,"Palantir Technologies
CUSIP: 69608A108",Buy,10,$11.94,-$119.45
5/19/2023,5/19/2023,5/23/2023,MSFT,"Microsoft
CUSIP: 594918104",Buy,1,$316.88,-$316.88
5/18/2023,5/18/2023,5/22/2023,PLTR,"Palantir Technologies
CUSIP: 69608A108",Sell,5,$11.17,$55.85
5/18/2023,5/18/2023,5/22/2023,PLTR,"Palantir Technologies
CUSIP: 69608A108",Sell,5,$11.17,$55.85
5/18/2023,5/18/2023,5/22/2023,PLTR,"Palantir Technologies
CUSIP: 69608A108",Buy,10,$10.76,-$107.60
5/17/2023,5/17/2023,5/17/2023,,Transfer from Brokerage to Spending,XENT,,,-$14.00
5/17/2023,5/17/2023,5/19/2023,STSA,"Satsuma Pharmaceuticals
CUSIP: 80405P107",Sell,100,$1.06,$105.53
5/17/2023,5/17/2023,5/18/2023,TSLA,TSLA 5/19/2023 Put $170.00,STO,2,$1.95,$389.98
5/17/2023,5/17/2023,5/18/2023,TSLA,TSLA 5/19/2023 Put $167.50,BTO,2,$1.20,-$240.00
5/17/2023,5/17/2023,5/17/2023,,ACH Deposit,ACH,,,$450.00
5/17/2023,5/17/2023,5/19/2023,TMV,"Direxion Daily 20+ Year Treasury Bear 3X Shares (based on the NYSE 20 Year Plus Treasury Bond Index; symbol AXTWEN)
CUSIP: 25460G849",Buy,1,$116.72,-$116.73
5/17/2023,5/17/2023,5/19/2023,RCL,"Royal Caribbean Group
CUSIP: V7780T103",Buy,1,$79.26,-$79.26
5/17/2023,5/17/2023,5/19/2023,TSLA,"Tesla
CUSIP: 88160R101",Buy,20,$169.90,"-$3,397.99"
5/17/2023,5/17/2023,5/19/2023,APA,"APA Corporation
CUSIP: 03743Q108",Sell,100,$32.08,"$3,208.07"
5/15/2023,5/15/2023,5/16/2023,SCHW,SCHW 5/19/2023 Put $47.50,STC,1,$0.09,$8.98
5/15/2023,5/15/2023,5/16/2023,SCHW,SCHW 5/19/2023 Put $50.00,BTC,1,$0.51,-$51.00
5/15/2023,5/15/2023,5/16/2023,SCHW,SCHW 5/19/2023 Put $47.50,BTO,1,$0.17,-$17.00
5/15/2023,5/15/2023,5/16/2023,SCHW,SCHW 5/19/2023 Put $50.00,STO,1,$0.74,$73.98
5/15/2023,5/15/2023,5/17/2023,SCHW,"Charles Schwab
CUSIP: 808513105",Buy,1,$50.39,-$50.39
5/11/2023,5/11/2023,5/15/2023,GOOG,"Alphabet Class C
CUSIP: 02079K107",Buy,1,$117.26,-$117.26
5/11/2023,5/11/2023,5/15/2023,AMZN,"Amazon
CUSIP: 023135106",Buy,1,$110.78,-$110.78
5/11/2023,5/11/2023,5/15/2023,OMFL,"Invesco Russell 1000 Dynamic Multifactor ETF
CUSIP: 46138J619",Buy,2,$47.27,-$94.54
5/9/2023,5/9/2023,5/10/2023,AMD,AMD 6/16/2023 Put $80.00,BTC,1,$1.00,-$100.00
5/9/2023,5/9/2023,5/10/2023,AMD,AMD 6/16/2023 Put $70.00,STC,1,$0.29,$28.98
5/4/2023,5/4/2023,5/4/2023,JEPI,Cash Div: R/D 2023-05-02 P/D 2023-05-04 - 2 shares at 0.42458,CDIV,,,$0.85
5/4/2023,5/4/2023,5/8/2023,AMD,"AMD
CUSIP: 007903107",Buy,1,$83.34,-$83.34
5/3/2023,5/3/2023,5/3/2023,,Gold Fee,GOLD,,,-$5.00
5/3/2023,5/3/2023,5/3/2023,,Aggregated Margin Rate,MINT,,,-$0.04
5/2/2023,5/2/2023,5/2/2023,XYLD,Cash Div: R/D 2023-04-25 P/D 2023-05-02 - 1 shares at 0.37596,CDIV,,,$0.38
5/2/2023,5/2/2023,5/3/2023,APA,APA 1/17/2025 Call $55.00,BTC,1,$3.25,-$325.00
5/2/2023,5/2/2023,5/4/2023,TSLA,"Tesla
CUSIP: 88160R101",Buy,2,$160.98,-$321.96
4/28/2023,4/28/2023,4/28/2023,DIVO,Manufactured Div: R/D 2023-04-27 P/D 2023-04-28 - 2 shares at 0.144953,MDIV,,,$0.29
4/28/2023,4/28/2023,4/28/2023,,Interest Payment,INT,,,$0.01
4/27/2023,4/27/2023,4/28/2023,NVDA,NVDA 4/28/2023 Put $257.50,STC,1,$0.30,$29.98
4/27/2023,4/27/2023,4/28/2023,NVDA,NVDA 4/28/2023 Put $267.50,BTC,1,$2.45,-$245.00
4/27/2023,4/27/2023,5/1/2023,NVDA,"NVIDIA
CUSIP: 67066G104",Buy,1,$268.75,-$268.75
4/24/2023,4/24/2023,4/24/2023,,Transfer from Brokerage to Spending,XENT,,,-$100.00
4/21/2023,4/21/2023,4/25/2023,TSLA,"Tesla
CUSIP: 88160R101",Buy,2,$164.21,-$328.42
4/21/2023,4/21/2023,4/25/2023,TSLA,"Tesla
CUSIP: 88160R101",Buy,2,$163.99,-$327.98
4/21/2023,4/21/2023,4/24/2023,TSLA,TSLA 5/26/2023 Put $170.00,BTO,1,$13.40,"-$1,340.00"
4/21/2023,4/21/2023,4/24/2023,TSLA,TSLA 5/26/2023 Put $185.00,STO,1,$23.83,"$2,382.97"
4/21/2023,4/21/2023,4/24/2023,TSLA,TSLA 4/21/2023 Put $200.00,BTC,1,$36.20,"-$3,620.00"
4/21/2023,4/21/2023,4/24/2023,TSLA,TSLA 4/21/2023 Put $191.67,STC,1,$27.70,"$2,769.96"
4/21/2023,4/21/2023,4/24/2023,XOM,XOM 6/16/2023 Put $105.00,BTC,1,$1.37,-$137.00
4/21/2023,4/21/2023,4/24/2023,XOM,XOM 6/16/2023 Put $95.00,STC,1,$0.38,$37.98
4/17/2023,4/17/2023,4/19/2023,STSA,"Satsuma Pharmaceuticals
CUSIP: 80405P107",Buy,100,$1.35,-$134.86
4/14/2023,4/14/2023,4/17/2023,NVDA,NVDA 4/28/2023 Put $257.50,BTO,1,$4.65,-$465.00
4/14/2023,4/14/2023,4/17/2023,NVDA,NVDA 4/28/2023 Put $267.50,STO,1,$8.72,$871.98
4/14/2023,4/14/2023,4/17/2023,NVDA,NVDA 4/14/2023 Put $270.00,STC,1,$4.27,$426.98
4/14/2023,4/14/2023,4/17/2023,NVDA,NVDA 4/14/2023 Put $272.50,BTC,1,$6.79,-$679.00
4/12/2023,4/12/2023,4/14/2023,TSLA,"Tesla
CUSIP: 88160R101",Buy,1,$182.05,-$182.05
4/12/2023,4/12/2023,4/14/2023,TSLA,"Tesla
CUSIP: 88160R101",Buy,1,$182.05,-$182.05
4/10/2023,4/10/2023,4/12/2023,TSLA,"Tesla
CUSIP: 88160R101",Buy,2,$184.31,-$368.62
4/10/2023,4/10/2023,4/11/2023,SPY,SPY 4/10/2023 Put $407.00,BTC,1,$0.03,-$3.00
4/10/2023,4/10/2023,4/11/2023,SPY,SPY 4/10/2023 Put $404.00,STC,1,$0.01,$0.98
4/10/2023,4/10/2023,4/12/2023,XYLD,"Global X S&P 500 Covered Call ETF
CUSIP: 37954Y475",Buy,1,$40.61,-$40.61
4/10/2023,4/10/2023,4/10/2023,,Transfer from Brokerage to Spending,XENT,,,-$80.00
4/6/2023,4/6/2023,4/6/2023,JEPI,Cash Div: R/D 2023-04-04 P/D 2023-04-06 - 1 shares at 0.44506,CDIV,,,$0.45
4/6/2023,4/6/2023,4/10/2023,NVDA,NVDA 4/14/2023 Put $270.00,BTO,1,$5.86,-$586.00
4/6/2023,4/6/2023,4/10/2023,NVDA,NVDA 4/6/2023 Put $270.00,BTC,1,$0.60,-$60.00
4/6/2023,4/6/2023,4/10/2023,NVDA,NVDA 4/6/2023 Put $267.50,STC,1,$0.03,$2.98
4/6/2023,4/6/2023,4/10/2023,NVDA,NVDA 4/14/2023 Put $272.50,STO,1,$7.16,$715.98
4/6/2023,4/6/2023,4/11/2023,DIVO,"Amplify CWP Enhanced Dividend Income ETF
CUSIP: 032108409",Buy,2,$35.64,-$71.28
4/5/2023,4/5/2023,4/6/2023,SPY,SPY 4/5/2023 Put $406.00,STC,1,$0.35,$34.98
4/5/2023,4/5/2023,4/6/2023,SPY,SPY 4/5/2023 Put $408.00,BTC,1,$1.43,-$143.00
4/5/2023,4/5/2023,4/6/2023,SPY,SPY 4/10/2023 Put $407.00,STO,1,$2.70,$269.98
4/5/2023,4/5/2023,4/6/2023,SPY,SPY 4/10/2023 Put $404.00,BTO,1,$1.51,-$151.00
4/5/2023,4/5/2023,4/10/2023,TSLA,"Tesla
CUSIP: 88160R101",Buy,2,$185.61,-$371.22
4/4/2023,4/4/2023,4/6/2023,TSLA,"Tesla
CUSIP: 88160R101",Buy,4,$192.30,-$769.20
4/4/2023,4/4/2023,4/5/2023,SPY,SPY 4/4/2023 Put $408.00,BTC,1,$0.41,-$41.00
4/4/2023,4/4/2023,4/5/2023,SPY,SPY 4/4/2023 Put $407.00,STC,1,$0.09,$8.98
4/4/2023,4/4/2023,4/5/2023,SPY,SPY 4/5/2023 Put $406.00,BTO,1,$0.22,-$22.00
4/4/2023,4/4/2023,4/5/2023,SPY,SPY 4/5/2023 Put $408.00,STO,1,$0.49,$48.98
4/4/2023,4/4/2023,4/6/2023,JEPI,"JPMorgan Equity Premium Income
CUSIP: 46641Q332",Buy,1,$54.29,-$54.29
4/4/2023,4/4/2023,4/6/2023,TSLA,"Tesla
CUSIP: 88160R101",Buy,2,$195.25,-$390.50
4/3/2023,4/3/2023,4/4/2023,AAPL,AAPL 4/21/2023 Put $150.00,BTC,1,$0.36,-$36.00
4/3/2023,4/3/2023,4/4/2023,AAPL,AAPL 4/21/2023 Put $140.00,STC,1,$0.11,$10.98
4/3/2023,4/3/2023,4/5/2023,TSLA,"Tesla
CUSIP: 88160R101",Buy,2,$194.52,-$389.04
4/3/2023,4/3/2023,4/4/2023,SPY,SPY 4/4/2023 Put $408.00,STO,1,$1.15,$114.98
4/3/2023,4/3/2023,4/4/2023,SPY,SPY 4/4/2023 Put $407.00,BTO,1,$0.82,-$82.00
4/3/2023,4/3/2023,4/3/2023,,Gold Fee,GOLD,,,-$5.00
3/31/2023,3/31/2023,3/31/2023,,Interest Payment,INT,,,$0.01
3/31/2023,3/31/2023,4/3/2023,NVDA,NVDA 4/6/2023 Put $270.00,STO,1,$2.75,$274.98
3/31/2023,3/31/2023,4/3/2023,NVDA,NVDA 4/6/2023 Put $267.50,BTO,1,$2.09,-$209.00
3/30/2023,3/30/2023,3/31/2023,NVDA,NVDA 3/31/2023 Put $255.00,STC,1,$0.02,$1.98
3/30/2023,3/30/2023,3/31/2023,NVDA,NVDA 3/31/2023 Put $257.50,BTC,1,$0.04,-$4.00
3/24/2023,3/24/2023,3/27/2023,NVDA,NVDA 3/31/2023 Put $255.00,BTO,1,$2.57,-$257.00
3/24/2023,3/24/2023,3/27/2023,NVDA,NVDA 3/31/2023 Put $257.50,STO,1,$3.14,$313.98
3/24/2023,3/24/2023,3/27/2023,XOM,XOM 6/16/2023 Put $105.00,STO,1,$7.35,$734.98
3/24/2023,3/24/2023,3/27/2023,XOM,XOM 6/16/2023 Put $95.00,BTO,1,$3.39,-$339.00
3/24/2023,3/24/2023,3/27/2023,XOM,XOM 3/24/2023 Put $111.00,BTC,1,$8.08,-$808.00
3/24/2023,3/24/2023,3/27/2023,XOM,XOM 3/24/2023 Put $108.00,STC,1,$5.05,$504.98
3/20/2023,3/20/2023,3/20/2023,,Transfer from Brokerage to Spending,XENT,,,-$45.00
3/20/2023,3/20/2023,3/20/2023,,Internal transfer from rhs_account account to rhs_roth_ira account,ITRF,,,-$22.00
3/17/2023,3/17/2023,3/20/2023,ZIM,ZIM 3/17/2023 Call $24.00,OASGN,1,,
3/17/2023,3/17/2023,3/21/2023,ZIM,"ZIM Integrated Shipping Services
CUSIP: M9T951109
1 ZIM Option Assigned",Sell,100,$24.00,"$2,399.97"
3/10/2023,3/10/2023,3/13/2023,TSLA,TSLA 3/10/2023 Put $187.50,OEXCS,1S,,
3/10/2023,3/10/2023,3/13/2023,TSLA,TSLA 3/10/2023 Put $182.50,OEXCS,1S,,
3/10/2023,3/10/2023,3/14/2023,TSLA,"Tesla
CUSIP: 88160R101
1 TSLA Option Exercised",Sell,100,$182.50,"$18,249.84"
3/10/2023,3/10/2023,3/14/2023,TSLA,"Tesla
CUSIP: 88160R101
1 TSLA Option Exercised",Sell,100,$187.50,"$18,749.84"
3/10/2023,3/10/2023,3/13/2023,TSLA,TSLA 3/10/2023 Put $185.00,OASGN,1,,
3/10/2023,3/10/2023,3/14/2023,TSLA,"Tesla
CUSIP: 88160R101
1 TSLA Option Assigned",Buy,100,$185.00,"-$18,500.00"
3/10/2023,3/10/2023,3/13/2023,TSLA,TSLA 3/10/2023 Put $190.00,OEXCS,1S,,
3/10/2023,3/10/2023,3/14/2023,TSLA,"Tesla
CUSIP: 88160R101
1 TSLA Option Exercised",Sell,100,$190.00,"$18,999.83"
3/10/2023,3/10/2023,3/13/2023,TSLA,TSLA 3/10/2023 Put $195.00,OASGN,2,,
3/10/2023,3/10/2023,3/14/2023,TSLA,"Tesla
CUSIP: 88160R101
2 TSLA Options Assigned",Buy,200,$195.00,"-$39,000.00"
3/10/2023,3/10/2023,3/13/2023,NKLA,NKLA 3/10/2023 Put $2.50,BTC,1,$0.85,-$85.00
3/10/2023,3/10/2023,3/13/2023,NKLA,NKLA 3/10/2023 Put $1.50,STC,1,$0.03,$2.98
3/10/2023,3/10/2023,3/13/2023,NKLA,NKLA 7/21/2023 Put $2.00,BTO,1,$0.86,-$86.00
3/10/2023,3/10/2023,3/13/2023,NKLA,NKLA 7/21/2023 Put $3.00,STO,1,$1.69,$168.98
3/10/2023,3/10/2023,3/13/2023,ZIM,ZIM 3/10/2023 Call $24.00,BTC,1,$0.01,-$1.00
3/10/2023,3/10/2023,3/13/2023,ZIM,ZIM 3/17/2023 Call $24.00,STO,1,$0.29,$28.98
3/10/2023,3/10/2023,3/10/2023,,Transfer from Spending to Brokerage,XENT,,,$50.00
3/10/2023,3/10/2023,3/14/2023,CS,"Credit Suisse
CUSIP: 225401108",Sell,100,$2.78,$277.99
3/6/2023,3/6/2023,3/6/2023,JEPI,Cash Div: R/D 2023-03-02 P/D 2023-03-06 - 1 shares at 0.41115,CDIV,,,$0.41
3/6/2023,3/6/2023,3/6/2023,,Transfer from Brokerage to Spending,XENT,,,-$100.00
3/6/2023,3/6/2023,3/6/2023,,Gold Fee,GOLD,,,-$5.00
3/3/2023,3/3/2023,3/6/2023,ZIM,ZIM 3/10/2023 Call $24.00,STO,1,$0.24,$23.98
3/3/2023,3/3/2023,3/6/2023,ZIM,ZIM 3/3/2023 Call $23.50,BTC,1,$0.03,-$3.00
3/3/2023,3/3/2023,3/6/2023,TSLA,TSLA 3/10/2023 Put $185.00,STO,1,$1.71,$170.98
3/3/2023,3/3/2023,3/6/2023,TSLA,TSLA 3/10/2023 Put $182.50,BTO,1,$1.30,-$130.00
3/2/2023,3/2/2023,3/3/2023,TSLA,TSLA 3/3/2023 Put $197.50,STC,1,$8.66,$865.98
3/2/2023,3/2/2023,3/3/2023,TSLA,TSLA 3/3/2023 Put $200.00,BTC,1,$10.88,"-$1,088.00"
3/2/2023,3/2/2023,3/3/2023,TSLA,TSLA 3/3/2023 Put $197.50,STC,1,$8.36,$835.98
3/2/2023,3/2/2023,3/3/2023,TSLA,TSLA 3/3/2023 Put $200.00,BTC,1,$10.54,"-$1,054.00"
3/2/2023,3/2/2023,3/3/2023,AAPL,AAPL 3/3/2023 Put $150.00,OEXCS,1S,,
3/2/2023,3/2/2023,3/6/2023,AAPL,"Apple
CUSIP: 037833100
1 AAPL Option Exercised",Sell,100,$150.00,"$14,999.87"
3/1/2023,3/1/2023,3/2/2023,AAPL,AAPL 3/3/2023 Put $152.50,OASGN,1,,
3/1/2023,3/1/2023,3/3/2023,AAPL,"Apple
CUSIP: 037833100
1 AAPL Option Assigned",Buy,100,$152.50,"-$15,250.00"
2/28/2023,2/28/2023,2/28/2023,,Interest Payment,INT,,,$0.07
2/27/2023,2/27/2023,2/28/2023,TSLA,TSLA 3/3/2023 Put $197.50,BTO,2,$4.14,-$828.00
2/27/2023,2/27/2023,2/28/2023,TSLA,TSLA 3/3/2023 Put $200.00,STO,2,$5.04,"$1,007.98"
2/24/2023,2/24/2023,2/27/2023,MSFT,MSFT 2/24/2023 Put $257.50,OEXCS,2S,,
2/24/2023,2/24/2023,2/28/2023,MSFT,"Microsoft
CUSIP: 594918104
2 MSFT Options Exercised",Sell,200,$257.50,"$51,498.79"
2/24/2023,2/24/2023,2/27/2023,FIVE,FIVE 2/24/2023 Put $212.50,OASGN,1,,
2/24/2023,2/24/2023,2/28/2023,FIVE,"Five Below
CUSIP: 33829M101
1 FIVE Option Assigned",Buy,100,$212.50,"-$21,250.00"
2/24/2023,2/24/2023,2/27/2023,FIVE,FIVE 2/24/2023 Put $210.00,OEXCS,1S,,
2/24/2023,2/24/2023,2/27/2023,MSFT,MSFT 2/24/2023 Put $260.00,OASGN,2,,
2/24/2023,2/24/2023,2/28/2023,FIVE,"Five Below
CUSIP: 33829M101
1 FIVE Option Exercised",Sell,100,$210.00,"$20,999.50"
2/24/2023,2/24/2023,2/28/2023,MSFT,"Microsoft
CUSIP: 594918104
2 MSFT Options Assigned",Buy,200,$260.00,"-$52,000.00"
2/24/2023,2/24/2023,2/27/2023,SPY,SPY 2/24/2023 Put $400.00,STC,1,$3.27,$326.98
2/24/2023,2/24/2023,2/27/2023,SPY,SPY 2/24/2023 Put $405.00,BTC,1,$8.27,-$827.00
2/24/2023,2/24/2023,2/27/2023,AMD,AMD 2/24/2023 Put $77.00,STC,1,$0.03,$2.98
2/24/2023,2/24/2023,2/27/2023,AMD,AMD 6/16/2023 Put $80.00,STO,1,$8.66,$865.97
2/24/2023,2/24/2023,2/27/2023,AMD,AMD 2/24/2023 Put $81.00,BTC,1,$3.02,-$302.00
2/24/2023,2/24/2023,2/27/2023,AMD,AMD 6/16/2023 Put $70.00,BTO,1,$4.29,-$429.00
2/24/2023,2/24/2023,2/27/2023,TSLA,TSLA 2/24/2023 Put $207.50,STC,1,$11.57,"$1,156.96"
2/24/2023,2/24/2023,2/27/2023,TSLA,TSLA 2/24/2023 Put $210.00,BTC,1,$14.12,"-$1,412.00"
2/24/2023,2/24/2023,2/27/2023,TSLA,TSLA 4/21/2023 Put $200.00,STO,1,$22.40,"$2,239.93"
2/24/2023,2/24/2023,2/27/2023,TSLA,TSLA 4/21/2023 Put $191.67,BTO,1,$18.15,"-$1,815.00"
2/24/2023,2/24/2023,2/27/2023,AAPL,AAPL 4/21/2023 Put $140.00,BTO,1,$3.87,-$387.00
2/24/2023,2/24/2023,2/27/2023,AAPL,AAPL 2/24/2023 Put $152.50,STC,1,$6.64,$663.97
2/24/2023,2/24/2023,2/27/2023,AAPL,AAPL 4/21/2023 Put $150.00,STO,1,$8.09,$808.97
2/24/2023,2/24/2023,2/27/2023,AAPL,AAPL 2/24/2023 Put $155.00,BTC,1,$9.15,-$915.00
2/24/2023,2/24/2023,2/27/2023,XOM,XOM 2/24/2023 Put $116.00,BTC,1,$5.64,-$564.00
2/24/2023,2/24/2023,2/27/2023,XOM,XOM 2/24/2023 Put $115.00,STC,1,$4.61,$460.97
2/24/2023,2/24/2023,2/27/2023,XOM,XOM 3/24/2023 Put $111.00,STO,1,$3.56,$355.98
2/24/2023,2/24/2023,2/27/2023,XOM,XOM 3/24/2023 Put $108.00,BTO,1,$2.33,-$233.00
2/24/2023,2/24/2023,2/27/2023,NKLA,NKLA 3/10/2023 Put $2.50,STO,1,$0.42,$41.98
2/24/2023,2/24/2023,2/27/2023,NKLA,NKLA 3/10/2023 Put $1.50,BTO,1,$0.06,-$6.00
2/24/2023,2/24/2023,2/27/2023,NKLA,NKLA 2/24/2023 Put $2.00,STC,1,$0.01,$0.98
2/24/2023,2/24/2023,2/27/2023,NKLA,NKLA 2/24/2023 Put $2.50,BTC,1,$0.34,-$34.00
2/24/2023,2/24/2023,2/27/2023,TSLA,TSLA 2/24/2023 Put $202.50,STC,1,$6.24,$623.97
2/24/2023,2/24/2023,2/27/2023,TSLA,TSLA 2/24/2023 Put $205.00,BTC,1,$8.68,-$868.00
2/24/2023,2/24/2023,2/27/2023,TSLA,TSLA 3/10/2023 Put $187.50,BTO,1,$7.10,-$710.00
2/24/2023,2/24/2023,2/27/2023,TSLA,TSLA 3/10/2023 Put $195.00,STO,1,$10.39,"$1,038.96"
2/24/2023,2/24/2023,2/27/2023,NVDA,NVDA 2/24/2023 Put $195.00,STC,7,$0.01,$6.97
2/24/2023,2/24/2023,2/27/2023,NVDA,NVDA 2/24/2023 Put $197.50,BTC,7,$0.03,-$21.00
2/24/2023,2/24/2023,2/27/2023,FIVE,FIVE 2/24/2023 Put $202.50,BTC,1,$0.14,-$14.00
2/24/2023,2/24/2023,2/27/2023,FIVE,FIVE 2/24/2023 Put $200.00,STC,1,$0.06,$5.98
2/24/2023,2/24/2023,2/27/2023,TSLA,TSLA 2/24/2023 Put $200.00,BTC,1,$4.63,-$463.00
2/24/2023,2/24/2023,2/27/2023,TSLA,TSLA 3/10/2023 Put $195.00,STO,1,$10.72,"$1,071.96"
2/24/2023,2/24/2023,2/27/2023,TSLA,TSLA 3/10/2023 Put $190.00,BTO,1,$8.42,-$842.00
2/24/2023,2/24/2023,2/27/2023,TSLA,TSLA 2/24/2023 Put $197.50,STC,1,$2.71,$270.98
2/24/2023,2/24/2023,2/27/2023,NFLX,NFLX 2/24/2023 Put $347.50,OEXCS,1S,,
2/24/2023,2/24/2023,2/28/2023,NFLX,"Netflix
CUSIP: 64110L106
1 NFLX Option Exercised",Sell,100,$347.50,"$34,749.19"
2/23/2023,2/23/2023,2/24/2023,NFLX,NFLX 2/24/2023 Put $350.00,OASGN,1,,
2/23/2023,2/23/2023,2/27/2023,NFLX,"Netflix
CUSIP: 64110L106
1 NFLX Option Assigned",Buy,100,$350.00,"-$35,000.00"
2/23/2023,2/23/2023,2/27/2023,JEPI,"JPMorgan Equity Premium Income
CUSIP: 46641Q332",Buy,1,$54.30,-$54.30
2/22/2023,2/22/2023,2/22/2023,APA,Cash Div: R/D 2023-01-23 P/D 2023-02-22 - 100 shares at 0.25,CDIV,,,$25.00
2/21/2023,2/21/2023,2/22/2023,ZIM,ZIM 3/3/2023 Call $23.50,STO,1,$0.30,$29.98
2/21/2023,2/21/2023,2/21/2023,,"PP*GOOGLE YOUTUBE SUBS 4029357733, CA",CARD,,,-$11.99
2/21/2023,2/21/2023,2/22/2023,NVDA,NVDA 2/24/2023 Put $195.00,BTO,7,$2.72,"-$1,904.00"
2/21/2023,2/21/2023,2/22/2023,NVDA,NVDA 2/24/2023 Put $197.50,STO,7,$3.28,"$2,295.92"
2/21/2023,2/21/2023,2/21/2023,,"GOOGLE *YouTube g.co/helppay#, CA",CARD,,,-$14.99
2/17/2023,2/17/2023,2/21/2023,TSLL,Option Expiration for TSLL 2/17/2023 Put $6.00,OEXP,1S,,
2/17/2023,2/17/2023,2/21/2023,FTNT,Option Expiration for FTNT 2/17/2023 Put $50.00,OEXP,1,,
2/17/2023,2/17/2023,2/21/2023,TSLL,Option Expiration for TSLL 2/17/2023 Put $7.00,OEXP,1,,
2/17/2023,2/17/2023,2/21/2023,FTNT,Option Expiration for FTNT 2/17/2023 Put $45.00,OEXP,1S,,
2/17/2023,2/17/2023,2/22/2023,ARKQ,"ARK Autonomous Technology & Robotics
CUSIP: 00214Q203",Buy,1,$50.46,-$50.46
2/17/2023,2/17/2023,2/22/2023,ARKG,"ARK Genomic Revolution ETF
CUSIP: 00214Q302",Buy,1,$32.47,-$32.47
2/17/2023,2/17/2023,2/22/2023,ARKF,"ARK Fintech Innovation
CUSIP: 00214Q708",Buy,1,$18.88,-$18.88
2/17/2023,2/17/2023,2/22/2023,ARKW,"ARK Next Generation Internet
CUSIP: 00214Q401",Buy,1,$53.34,-$53.34
2/17/2023,2/17/2023,2/21/2023,SPY,SPY 2/24/2023 Put $400.00,BTO,1,$1.43,-$143.00
2/17/2023,2/17/2023,2/21/2023,SPY,SPY 2/24/2023 Put $405.00,STO,1,$2.90,$289.98
2/17/2023,2/17/2023,2/21/2023,NKLA,NKLA 2/24/2023 Put $2.00,BTO,1,$0.05,-$5.00
2/17/2023,2/17/2023,2/21/2023,NKLA,NKLA 2/24/2023 Put $2.50,STO,1,$0.20,$19.98
2/17/2023,2/17/2023,2/21/2023,NFLX,NFLX 2/24/2023 Put $350.00,STO,1,$7.06,$705.97
2/17/2023,2/17/2023,2/21/2023,NFLX,NFLX 2/24/2023 Put $347.50,BTO,1,$5.83,-$583.00
2/17/2023,2/17/2023,2/21/2023,MSFT,MSFT 2/24/2023 Put $257.50,BTO,2,$3.35,-$670.00
2/17/2023,2/17/2023,2/21/2023,MSFT,MSFT 2/24/2023 Put $260.00,STO,2,$4.65,$929.96
2/17/2023,2/17/2023,2/21/2023,AAPL,AAPL 3/3/2023 Put $152.50,STO,1,$3.58,$357.98
2/17/2023,2/17/2023,2/21/2023,AAPL,AAPL 3/3/2023 Put $150.00,BTO,1,$2.47,-$247.00
2/17/2023,2/17/2023,2/21/2023,FIVE,FIVE 2/24/2023 Put $210.00,BTO,1,$3.25,-$325.00
2/17/2023,2/17/2023,2/21/2023,FIVE,FIVE 2/24/2023 Put $212.50,STO,1,$4.55,$454.97
2/17/2023,2/17/2023,2/21/2023,TSLA,TSLA 2/17/2023 Put $200.00,BTC,1,$1.40,-$140.00
2/17/2023,2/17/2023,2/21/2023,TSLA,TSLA 2/17/2023 Put $197.50,STC,1,$0.63,$62.98
2/16/2023,2/16/2023,2/17/2023,XOM,XOM 2/24/2023 Put $116.00,STO,1,$1.37,$136.98
2/16/2023,2/16/2023,2/17/2023,XOM,XOM 2/24/2023 Put $115.00,BTO,1,$1.01,-$101.00
2/16/2023,2/16/2023,2/17/2023,AMD,AMD 2/24/2023 Put $77.00,BTO,1,$0.37,-$37.00
2/16/2023,2/16/2023,2/17/2023,AMD,AMD 2/24/2023 Put $81.00,STO,1,$1.28,$127.98
2/16/2023,2/16/2023,2/17/2023,TSLA,TSLA 2/24/2023 Put $215.00,BTC,1,$10.15,"-$1,015.00"
2/16/2023,2/16/2023,2/17/2023,TSLA,TSLA 2/24/2023 Put $212.50,STC,1,$8.80,$879.96
2/16/2023,2/16/2023,2/17/2023,TSLA,TSLA 2/24/2023 Put $197.50,BTO,1,$3.04,-$304.00
2/16/2023,2/16/2023,2/17/2023,TSLA,TSLA 2/24/2023 Put $200.00,STO,1,$3.67,$366.98
2/16/2023,2/16/2023,2/17/2023,TSLA,TSLA 2/24/2023 Put $202.50,BTO,1,$3.87,-$387.00
2/16/2023,2/16/2023,2/17/2023,TSLA,TSLA 2/24/2023 Put $205.00,STO,1,$4.65,$464.97
2/16/2023,2/16/2023,2/17/2023,TSLA,TSLA 2/24/2023 Put $210.00,STO,1,$5.80,$579.97
2/16/2023,2/16/2023,2/17/2023,TSLA,TSLA 2/24/2023 Put $207.50,BTO,1,$4.87,-$487.00
2/16/2023,2/16/2023,2/17/2023,FIVE,FIVE 2/24/2023 Put $202.50,STO,1,$1.30,$129.98
2/16/2023,2/16/2023,2/17/2023,FIVE,FIVE 2/24/2023 Put $200.00,BTO,1,$0.90,-$90.00
2/16/2023,2/16/2023,2/17/2023,NFLX,NFLX 2/17/2023 Put $342.50,BTC,1,$0.12,-$12.00
2/16/2023,2/16/2023,2/17/2023,NFLX,NFLX 2/17/2023 Put $340.00,STC,1,$0.07,$6.98
2/16/2023,2/16/2023,2/17/2023,TSLA,TSLA 2/17/2023 Put $185.00,STC,1,$0.04,$3.98
2/16/2023,2/16/2023,2/17/2023,TSLA,TSLA 2/17/2023 Put $195.00,BTC,1,$0.12,-$12.00
2/16/2023,2/16/2023,2/17/2023,TSLA,TSLA 2/17/2023 Put $192.50,BTC,3,$0.10,-$30.00
2/16/2023,2/16/2023,2/17/2023,TSLA,TSLA 2/17/2023 Put $190.00,STC,3,$0.07,$20.98
2/16/2023,2/16/2023,2/17/2023,TSLA,TSLA 2/24/2023 Put $215.00,STO,1,$7.57,$756.97
2/16/2023,2/16/2023,2/17/2023,TSLA,TSLA 2/24/2023 Put $212.50,BTO,1,$6.44,-$644.00
2/16/2023,2/16/2023,2/17/2023,AAPL,AAPL 2/24/2023 Put $152.50,BTO,1,$1.02,-$102.00
2/16/2023,2/16/2023,2/17/2023,AAPL,AAPL 2/24/2023 Put $155.00,STO,1,$1.80,$179.98
2/14/2023,2/14/2023,2/15/2023,ZIM,ZIM 2/17/2023 Call $24.00,BTC,1,$0.01,-$1.00
2/14/2023,2/14/2023,2/15/2023,TSLA,TSLA 2/17/2023 Put $185.00,BTO,1,$0.88,-$88.00
2/14/2023,2/14/2023,2/15/2023,TSLA,TSLA 2/17/2023 Put $195.00,STO,1,$2.88,$287.98
2/14/2023,2/14/2023,2/15/2023,TSLA,TSLA 2/17/2023 Put $200.00,STO,1,$4.74,$473.97
2/14/2023,2/14/2023,2/15/2023,TSLA,TSLA 2/17/2023 Put $197.50,BTO,1,$3.71,-$371.00
2/14/2023,2/14/2023,2/15/2023,NVDA,NVDA 2/17/2023 Put $197.50,STC,1,$0.12,$11.98
2/14/2023,2/14/2023,2/15/2023,NVDA,NVDA 2/17/2023 Put $200.00,BTC,1,$0.17,-$17.00
2/14/2023,2/14/2023,2/14/2023,,"PP*GOOGLE OPTIONSTRAT 4029357733, CA",CARD,,,-$14.99
2/13/2023,2/13/2023,2/13/2023,,"PP*GOOGLE NORDVPN 4029357733, CA",CARD,,,-$49.99
2/10/2023,2/10/2023,2/13/2023,UVIX,Option Expiration for UVIX 2/10/2023 Put $16.00,OEXP,1S,,
2/10/2023,2/10/2023,2/13/2023,CS,Option Expiration for CS 2/10/2023 Call $3.50,OEXP,1,,
2/10/2023,2/10/2023,2/13/2023,UVIX,Option Expiration for UVIX 2/10/2023 Put $16.50,OEXP,1,,
2/10/2023,2/10/2023,2/13/2023,TSLA,TSLA 2/10/2023 Put $190.00,BTC,2,$0.10,-$20.00
2/10/2023,2/10/2023,2/13/2023,TSLA,TSLA 2/10/2023 Put $185.00,STC,2,$0.02,$3.98
2/10/2023,2/10/2023,2/13/2023,TSLA,TSLA 2/17/2023 Put $195.00,STC,1,$7.87,$786.97
2/10/2023,2/10/2023,2/13/2023,TSLA,TSLA 2/17/2023 Put $197.50,BTC,1,$9.22,-$922.00
2/10/2023,2/10/2023,2/13/2023,NFLX,NFLX 2/10/2023 Put $350.00,STC,1,$0.50,$49.98
2/10/2023,2/10/2023,2/13/2023,NFLX,NFLX 2/10/2023 Put $352.50,BTC,1,$1.55,-$155.00
2/10/2023,2/10/2023,2/13/2023,NFLX,NFLX 2/17/2023 Put $342.50,STO,1,$4.18,$417.98
2/10/2023,2/10/2023,2/13/2023,NFLX,NFLX 2/17/2023 Put $340.00,BTO,1,$3.50,-$350.00
2/10/2023,2/10/2023,2/13/2023,NVDA,NVDA 2/17/2023 Put $197.50,BTO,1,$2.00,-$200.00
2/10/2023,2/10/2023,2/13/2023,NVDA,NVDA 2/17/2023 Put $200.00,STO,1,$2.52,$251.98
2/10/2023,2/10/2023,2/13/2023,TSLA,TSLA 2/17/2023 Put $190.00,BTO,3,$5.22,"-$1,566.00"
2/10/2023,2/10/2023,2/13/2023,TSLA,TSLA 2/17/2023 Put $192.50,STO,3,$6.22,"$1,865.94"
2/10/2023,2/10/2023,2/13/2023,ETSY,ETSY 2/10/2023 Put $138.00,STC,1,$3.90,$389.98
2/10/2023,2/10/2023,2/13/2023,ETSY,ETSY 2/10/2023 Put $140.00,BTC,1,$5.80,-$580.00
2/10/2023,2/10/2023,2/14/2023,ARKK,"ARK Innovation ETF
CUSIP: 00214Q104",Buy,1,$39.78,-$39.78
2/9/2023,2/9/2023,2/10/2023,TSLA,TSLA 2/17/2023 Put $195.00,BTO,1,$3.25,-$325.00
2/9/2023,2/9/2023,2/10/2023,TSLA,TSLA 2/17/2023 Put $197.50,STO,1,$3.90,$389.98
2/9/2023,2/9/2023,2/10/2023,ENPH,ENPH 2/10/2023 Put $200.00,STC,1,$1.95,$194.98
2/9/2023,2/9/2023,2/10/2023,ENPH,ENPH 2/10/2023 Put $205.00,BTC,1,$3.98,-$398.00
2/9/2023,2/9/2023,2/10/2023,ENPH,ENPH 2/10/2023 Put $200.00,STC,1,$1.88,$187.98
2/9/2023,2/9/2023,2/10/2023,ENPH,ENPH 2/10/2023 Put $205.00,BTC,1,$3.88,-$388.00
2/9/2023,2/9/2023,2/10/2023,ZIM,ZIM 2/17/2023 Call $24.00,STO,1,$0.29,$28.98
2/9/2023,2/9/2023,2/13/2023,ZIM,"ZIM Integrated Shipping Services
CUSIP: M9T951109",Buy,46,$22.64,"-$1,041.48"
2/9/2023,2/9/2023,2/10/2023,ENPH,ENPH 2/10/2023 Put $215.00,BTC,1,$9.73,-$973.00
2/9/2023,2/9/2023,2/10/2023,ENPH,ENPH 2/10/2023 Put $212.50,STC,1,$7.75,$774.97
2/9/2023,2/9/2023,2/10/2023,TSLA,TSLA 2/10/2023 Put $172.50,STC,5,$0.04,$19.98
2/9/2023,2/9/2023,2/10/2023,TSLA,TSLA 2/10/2023 Put $175.00,BTC,5,$0.06,-$30.00
2/9/2023,2/9/2023,2/9/2023,,"TMOBILE*PREPD AUTOPY 877-778-2106, WA",CARD,,,-$50.00
2/8/2023,2/8/2023,2/10/2023,ZIM,"ZIM Integrated Shipping Services
CUSIP: M9T951109",Buy,2,$21.93,-$43.85
2/7/2023,2/7/2023,2/8/2023,PLTR,PLTR 1/19/2024 Call $13.00,STC,1,$0.92,$91.98
2/7/2023,2/7/2023,2/8/2023,PLTR,PLTR 1/19/2024 Call $13.00,BTO,1,$0.95,-$95.00
2/7/2023,2/7/2023,2/7/2023,,"SHEIN.COM SHEIN.COM, DE",CARD,,,-$22.57
2/6/2023,2/6/2023,2/7/2023,ENPH,ENPH 2/10/2023 Put $215.00,STO,1,$8.70,$869.97
2/6/2023,2/6/2023,2/7/2023,ENPH,ENPH 2/10/2023 Put $212.50,BTO,1,$7.75,-$775.00
2/6/2023,2/6/2023,2/8/2023,ZIM,"ZIM Integrated Shipping Services
CUSIP: M9T951109",Buy,25,$22.51,-$562.85
2/6/2023,2/6/2023,2/7/2023,TSLA,TSLA 2/10/2023 Put $190.00,STO,2,$4.73,$945.96
2/6/2023,2/6/2023,2/7/2023,TSLA,TSLA 2/10/2023 Put $185.00,BTO,2,$3.02,-$604.00
2/6/2023,2/6/2023,2/7/2023,ENPH,ENPH 2/10/2023 Put $200.00,BTO,2,$4.10,-$820.00
2/6/2023,2/6/2023,2/7/2023,ENPH,ENPH 2/10/2023 Put $205.00,STO,2,$5.40,"$1,079.96"
2/6/2023,2/6/2023,2/7/2023,ETSY,ETSY 2/10/2023 Put $138.00,BTO,1,$1.14,-$114.00
2/6/2023,2/6/2023,2/7/2023,ETSY,ETSY 2/10/2023 Put $140.00,STO,1,$1.55,$154.98
2/6/2023,2/6/2023,2/7/2023,NFLX,NFLX 2/10/2023 Put $350.00,BTO,1,$2.35,-$235.00
2/6/2023,2/6/2023,2/7/2023,NFLX,NFLX 2/10/2023 Put $352.50,STO,1,$2.85,$284.98
2/6/2023,2/6/2023,2/7/2023,FTNT,FTNT 2/17/2023 Put $50.00,STO,1,$1.23,$122.98
2/6/2023,2/6/2023,2/7/2023,FTNT,FTNT 2/17/2023 Put $45.00,BTO,1,$0.30,-$30.00
2/3/2023,2/3/2023,2/6/2023,BILI,BILI 2/3/2023 Put $27.00,OEXCS,1S,,
2/3/2023,2/3/2023,2/7/2023,BILI,"Bilibili
CUSIP: 090040106
1 BILI Option Exercised",Sell,100,$27.00,"$2,699.92"
2/3/2023,2/3/2023,2/6/2023,NVDA,Option Expiration for NVDA 2/3/2023 Put $187.50,OEXP,1S,,
2/3/2023,2/3/2023,2/6/2023,TSLA,Option Expiration for TSLA 2/3/2023 Put $170.00,OEXP,5,,
2/3/2023,2/3/2023,2/6/2023,NVDA,Option Expiration for NVDA 2/3/2023 Put $190.00,OEXP,1,,
2/3/2023,2/3/2023,2/6/2023,BILI,BILI 2/3/2023 Put $27.50,OASGN,1,,
2/3/2023,2/3/2023,2/7/2023,BILI,"Bilibili
CUSIP: 090040106
1 BILI Option Assigned",Buy,100,$27.50,"-$2,750.00"
2/3/2023,2/3/2023,2/6/2023,TSLA,Option Expiration for TSLA 2/3/2023 Put $165.00,OEXP,2,,
2/3/2023,2/3/2023,2/6/2023,TSLA,Option Expiration for TSLA 2/3/2023 Put $162.50,OEXP,2S,,
2/3/2023,2/3/2023,2/6/2023,TSLA,Option Expiration for TSLA 2/3/2023 Put $167.50,OEXP,5S,,
2/3/2023,2/3/2023,2/7/2023,ARKK,"ARK Innovation ETF
CUSIP: 00214Q104",Buy,1,$42.82,-$42.82
2/3/2023,2/3/2023,2/7/2023,ZIM,"ZIM Integrated Shipping Services
CUSIP: M9T951109",Buy,15,$23.40,-$350.99
2/3/2023,2/3/2023,2/6/2023,LCID,LCID 2/3/2023 Put $11.50,STC,5,$0.03,$14.98
2/3/2023,2/3/2023,2/6/2023,LCID,LCID 2/3/2023 Put $12.00,BTC,5,$0.15,-$75.00
2/3/2023,2/3/2023,2/7/2023,ZIM,"ZIM Integrated Shipping Services
CUSIP: M9T951109",Buy,10,$23.22,-$232.23
2/3/2023,2/3/2023,2/3/2023,,"LINODE . AKAMAI CAMBRIDGE, MA",CARD,,,-$0.08
2/2/2023,2/2/2023,2/3/2023,TSLA,TSLA 2/10/2023 Put $172.50,BTO,4,$1.86,-$744.00
2/2/2023,2/2/2023,2/3/2023,TSLA,TSLA 2/10/2023 Put $175.00,STO,4,$2.31,$923.96
2/2/2023,2/2/2023,2/3/2023,TSLA,TSLA 2/10/2023 Put $172.50,BTO,1,$1.78,-$178.00
2/2/2023,2/2/2023,2/3/2023,TSLA,TSLA 2/10/2023 Put $175.00,STO,1,$2.23,$222.98
2/2/2023,2/2/2023,2/3/2023,TSLA,TSLA 2/3/2023 Put $167.50,STC,2,$0.07,$13.98
2/2/2023,2/2/2023,2/3/2023,TSLA,TSLA 2/3/2023 Put $170.00,BTC,2,$0.09,-$18.00
2/2/2023,2/2/2023,2/3/2023,TSLA,TSLA 2/3/2023 Put $157.50,STC,2,$0.02,$3.98
2/2/2023,2/2/2023,2/3/2023,TSLA,TSLA 2/3/2023 Put $160.00,BTC,2,$0.03,-$6.00
2/2/2023,2/2/2023,2/3/2023,UVIX,UVIX 2/10/2023 Put $16.50,STO,1,$1.19,$118.98
2/2/2023,2/2/2023,2/3/2023,UVIX,UVIX 2/10/2023 Put $16.00,BTO,1,$0.91,-$91.00
2/2/2023,2/2/2023,2/2/2023,,Gold Fee,GOLD,,,-$5.00
2/1/2023,2/1/2023,2/3/2023,ARKK,"ARK Innovation ETF
CUSIP: 00214Q104",Buy,1,$39.50,-$39.50
2/1/2023,2/1/2023,2/2/2023,GS,GS 2/17/2023 Call $355.00,BTC,1,$13.93,"-$1,393.00"
2/1/2023,2/1/2023,2/2/2023,GS,GS 2/17/2023 Call $360.00,STC,1,$10.50,"$1,049.96"
1/30/2023,1/30/2023,1/30/2023,,"INVESTORS BUSINESS DAI LOS ANGELES, CA",CARD,,,-$9.95
1/30/2023,1/30/2023,1/31/2023,LCID,LCID 2/3/2023 Put $11.50,BTO,2,$1.12,-$224.00
1/30/2023,1/30/2023,1/31/2023,LCID,LCID 2/3/2023 Put $12.00,STO,2,$1.40,$279.98
1/30/2023,1/30/2023,2/1/2023,ARKK,"ARK Innovation ETF
CUSIP: 00214Q104",Buy,1,$39.50,-$39.50
1/30/2023,1/30/2023,1/31/2023,LCID,LCID 2/3/2023 Put $11.50,BTO,3,$1.05,-$315.00
1/30/2023,1/30/2023,1/31/2023,LCID,LCID 2/3/2023 Put $12.00,STO,3,$1.35,$404.98
1/30/2023,1/30/2023,1/31/2023,TSLA,TSLA 2/3/2023 Put $162.50,BTO,2,$2.80,-$560.00
1/30/2023,1/30/2023,1/31/2023,TSLA,TSLA 2/3/2023 Put $165.00,STO,2,$3.47,$693.97
1/30/2023,1/30/2023,1/31/2023,TSLA,TSLA 2/3/2023 Put $167.50,BTO,7,$4.16,"-$2,912.00"
1/30/2023,1/30/2023,1/31/2023,TSLA,TSLA 2/3/2023 Put $170.00,STO,7,$5.06,"$3,541.89"
1/30/2023,1/30/2023,1/31/2023,GS,GS 2/17/2023 Call $355.00,STO,1,$7.43,$742.97
1/30/2023,1/30/2023,1/31/2023,GS,GS 2/17/2023 Call $360.00,BTO,1,$5.03,-$503.00
1/30/2023,1/30/2023,1/31/2023,NVDA,NVDA 2/3/2023 Put $187.50,BTO,1,$1.94,-$194.00
1/30/2023,1/30/2023,1/31/2023,NVDA,NVDA 2/3/2023 Put $190.00,STO,1,$2.47,$246.98
1/27/2023,1/27/2023,1/30/2023,TSLA,Option Expiration for TSLA 1/27/2023 Put $139.00,OEXP,5S,,
1/27/2023,1/27/2023,1/30/2023,W,Option Expiration for W 1/27/2023 Put $52.00,OEXP,1S,,
1/27/2023,1/27/2023,1/30/2023,PLTR,PLTR 1/27/2023 Call $7.00,OASGN,1,,
1/27/2023,1/27/2023,1/31/2023,PLTR,"Palantir Technologies
CUSIP: 69608A108
1 PLTR Option Assigned",Sell,100,$7.00,$699.97
1/27/2023,1/27/2023,1/30/2023,MSFT,Option Expiration for MSFT 1/27/2023 Put $230.00,OEXP,2,,
1/27/2023,1/27/2023,1/30/2023,RTX,Option Expiration for RTX 1/27/2023 Put $93.00,OEXP,1S,,
1/27/2023,1/27/2023,1/30/2023,TLRY,TLRY 1/27/2023 Call $3.00,OASGN,1,,
1/27/2023,1/27/2023,1/30/2023,TSLA,Option Expiration for TSLA 1/27/2023 Put $123.00,OEXP,1S,,
1/27/2023,1/27/2023,1/30/2023,TSLA,Option Expiration for TSLA 1/27/2023 Put $126.00,OEXP,1,,
1/27/2023,1/27/2023,1/30/2023,W,Option Expiration for W 1/27/2023 Put $53.00,OEXP,1,,
1/27/2023,1/27/2023,1/30/2023,MSFT,Option Expiration for MSFT 1/27/2023 Put $227.50,OEXP,2S,,
1/27/2023,1/27/2023,1/30/2023,RTX,Option Expiration for RTX 1/27/2023 Put $96.00,OEXP,1,,
1/27/2023,1/27/2023,1/31/2023,TLRY,"Tilray Brands
CUSIP: 88688T100
1 TLRY Option Assigned",Sell,100,$3.00,$299.99
1/27/2023,1/27/2023,1/30/2023,TSLA,Option Expiration for TSLA 1/27/2023 Put $140.00,OEXP,5,,
1/27/2023,1/27/2023,1/30/2023,BILI,BILI 2/3/2023 Put $27.50,STO,1,$0.98,$97.98
1/27/2023,1/27/2023,1/30/2023,BILI,BILI 2/3/2023 Put $27.00,BTO,1,$0.77,-$77.00
1/27/2023,1/27/2023,1/30/2023,TSLA,TSLA 2/3/2023 Put $157.50,BTO,2,$1.98,-$396.00
1/27/2023,1/27/2023,1/30/2023,TSLA,TSLA 2/3/2023 Put $160.00,STO,2,$2.49,$497.97
1/26/2023,1/26/2023,1/27/2023,CS,CS 2/10/2023 Call $3.50,STO,1,$0.15,$14.98
1/26/2023,1/26/2023,1/27/2023,AMZN,AMZN 1/27/2023 Put $95.00,BTC,5,$0.26,-$130.00
1/26/2023,1/26/2023,1/27/2023,AMZN,AMZN 1/27/2023 Put $94.00,STC,5,$0.12,$59.98
1/25/2023,1/25/2023,1/26/2023,TSLA,TSLA 1/27/2023 Put $140.00,STO,1,$4.13,$412.98
1/25/2023,1/25/2023,1/26/2023,TSLA,TSLA 1/27/2023 Put $139.00,BTO,1,$3.75,-$375.00
1/25/2023,1/25/2023,1/26/2023,TSLA,TSLA 1/27/2023 Put $140.00,STO,1,$4.06,$405.98
1/25/2023,1/25/2023,1/26/2023,TSLA,TSLA 1/27/2023 Put $139.00,BTO,1,$3.68,-$368.00
1/25/2023,1/25/2023,1/26/2023,TSLA,TSLA 1/27/2023 Put $140.00,STO,3,$4.08,"$1,223.96"
1/25/2023,1/25/2023,1/26/2023,TSLA,TSLA 1/27/2023 Put $139.00,BTO,3,$3.70,"-$1,110.00"
1/25/2023,1/25/2023,1/26/2023,TSLL,TSLL 2/17/2023 Put $6.00,BTO,1,$0.29,-$29.00
1/25/2023,1/25/2023,1/26/2023,TSLL,TSLL 2/17/2023 Put $7.00,STO,1,$0.61,$60.98
1/24/2023,1/24/2023,1/25/2023,RTX,RTX 1/27/2023 Put $93.00,BTO,1,$0.06,-$6.00
1/24/2023,1/24/2023,1/25/2023,RTX,RTX 1/27/2023 Put $96.00,STO,1,$0.31,$30.98
1/23/2023,1/23/2023,1/24/2023,AAPL,AAPL 1/27/2023 Put $138.00,STC,5,$0.57,$284.98
1/23/2023,1/23/2023,1/24/2023,AAPL,AAPL 1/27/2023 Put $139.00,BTC,5,$0.78,-$390.00
1/23/2023,1/23/2023,1/24/2023,AMZN,AMZN 1/27/2023 Put $95.00,STO,4,$0.94,$375.98
1/23/2023,1/23/2023,1/24/2023,AMZN,AMZN 1/27/2023 Put $95.00,STO,1,$0.95,$94.98
1/23/2023,1/23/2023,1/24/2023,AMZN,AMZN 1/27/2023 Put $94.00,BTO,1,$0.69,-$69.00
1/23/2023,1/23/2023,1/24/2023,AMZN,AMZN 1/27/2023 Put $94.00,BTO,4,$0.69,-$276.00
1/23/2023,1/23/2023,1/24/2023,MSFT,MSFT 1/27/2023 Put $227.50,BTO,2,$1.31,-$262.00
1/23/2023,1/23/2023,1/24/2023,MSFT,MSFT 1/27/2023 Put $230.00,STO,2,$1.72,$343.98
1/23/2023,1/23/2023,1/24/2023,AAPL,AAPL 1/27/2023 Put $138.00,BTO,1,$0.93,-$93.00
1/23/2023,1/23/2023,1/24/2023,AAPL,AAPL 1/27/2023 Put $138.00,BTO,4,$0.93,-$372.00
1/23/2023,1/23/2023,1/24/2023,AAPL,AAPL 1/27/2023 Put $139.00,STO,1,$1.23,$122.98
1/23/2023,1/23/2023,1/24/2023,AAPL,AAPL 1/27/2023 Put $139.00,STO,4,$1.23,$491.97
1/23/2023,1/23/2023,1/24/2023,NVDA,NVDA 1/27/2023 Put $175.00,BTC,1,$0.91,-$91.00
1/23/2023,1/23/2023,1/24/2023,NVDA,NVDA 1/27/2023 Put $172.50,STC,1,$0.61,$60.98
1/23/2023,1/23/2023,1/24/2023,W,W 1/27/2023 Put $53.00,STO,1,$1.04,$103.98
1/23/2023,1/23/2023,1/24/2023,W,W 1/27/2023 Put $52.00,BTO,1,$0.81,-$81.00
1/23/2023,1/23/2023,1/24/2023,NVDA,NVDA 1/27/2023 Put $172.50,BTO,1,$0.81,-$81.00
1/23/2023,1/23/2023,1/24/2023,NVDA,NVDA 1/27/2023 Put $175.00,STO,1,$1.17,$116.98
1/23/2023,1/23/2023,1/24/2023,TSLA,TSLA 1/27/2023 Put $123.00,BTO,1,$1.40,-$140.00
1/23/2023,1/23/2023,1/24/2023,TSLA,TSLA 1/27/2023 Put $126.00,STO,1,$1.95,$194.98
1/23/2023,1/23/2023,1/24/2023,PLTR,PLTR 1/27/2023 Call $7.00,STO,1,$0.20,$19.98
1/23/2023,1/23/2023,1/24/2023,TLRY,TLRY 1/27/2023 Call $3.00,STO,1,$0.19,$18.98
1/23/2023,1/23/2023,1/23/2023,,"PP*GOOGLE YOUTUBE SUBS 4029357733, CA",CARD,,,-$11.99
1/20/2023,1/20/2023,1/23/2023,TLRY,TLRY 1/20/2023 Put $3.50,OASGN,1,,
1/20/2023,1/20/2023,1/24/2023,TLRY,"Tilray Brands
CUSIP: 88688T100
1 TLRY Option Assigned",Buy,100,$3.50,-$350.00
1/20/2023,1/20/2023,1/23/2023,ZIM,Option Expiration for ZIM 1/20/2023 Put $17.50,OEXP,1,,
1/17/2023,1/17/2023,1/18/2023,ZIM,ZIM 1/20/2023 Put $17.50,STO,1,$0.30,$29.98
1/9/2023,1/9/2023,1/9/2023,,"TMOBILE*PREPD AUTOPY 877-778-2106, WA",CARD,,,-$50.00
1/3/2023,1/3/2023,1/3/2023,,Gold Fee,GOLD,,,-$5.00
12/21/2022,12/21/2022,12/21/2022,,"PP*GOOGLE YOUTUBE SUBS 4029357733, CA",CARD,,,-$11.99
12/20/2022,12/20/2022,12/20/2022,CS,Cash Div: R/D 2022-11-29 P/D 2022-12-16 - 100 shares at 0.105635,CDIV,,,$10.56
12/20/2022,12/20/2022,12/20/2022,CS,Sponsored ADR: Agency Processing Fee at $1.00,DFEE,,,-$1.00
12/16/2022,12/16/2022,12/19/2022,PLTR,Option Expiration for PLTR 12/16/2022 Call $8.50,OEXP,1,,
12/16/2022,12/16/2022,12/16/2022,,"PP*GOOGLE A MEDIUM COR 4029357733, CA",CARD,,,-$4.99
12/9/2022,12/9/2022,12/9/2022,,"TMOBILE*PREPD AUTOPY 877-778-2106, WA",CARD,,,-$50.00
12/7/2022,12/7/2022,12/7/2022,ZIM,Foreign Tax Witholding at $0.74,DTAX,,,-$0.74
12/7/2022,12/7/2022,12/7/2022,ZIM,Manufactured Div: R/D 2022-11-29 P/D 2022-12-07 - 1 shares at 2.95,MDIV,,,$2.95
12/5/2022,12/5/2022,12/5/2022,,Gold Fee,GOLD,,,-$5.00
12/1/2022,12/1/2022,12/2/2022,PLTR,PLTR 12/16/2022 Call $8.50,STO,1,$0.10,$9.98
11/29/2022,11/29/2022,12/1/2022,ZIM,"ZIM Integrated Shipping Services
CUSIP: M9T951109",Buy,1,$21.32,-$21.32
11/22/2022,11/22/2022,11/22/2022,APA,Cash Div: R/D 2022-10-21 P/D 2022-11-22 - 100 shares at 0.25,CDIV,,,$25.00
11/21/2022,11/21/2022,11/21/2022,,"PP*GOOGLE YOUTUBE SUBS 4029357733, CA",CARD,,,-$11.99
11/18/2022,11/18/2022,11/21/2022,PLTR,Option Expiration for PLTR 11/18/2022 Call $9.00,OEXP,1,,
11/18/2022,11/18/2022,11/21/2022,CS,Option Expiration for CS 11/18/2022 Call $4.50,OEXP,1,,
11/17/2022,11/17/2022,11/21/2022,ZIM,"ZIM Integrated Shipping Services
CUSIP: M9T951109",Buy,1,$25.59,-$25.59
11/16/2022,11/16/2022,11/16/2022,,"PP*GOOGLE A MEDIUM COR 4029357733, CA",CARD,,,-$4.99
11/14/2022,11/14/2022,11/15/2022,PLTR,PLTR 11/18/2022 Call $9.00,STO,1,$0.04,$3.98
11/11/2022,11/11/2022,11/14/2022,PLTR,PLTR 11/11/2022 Put $8.50,OASGN,1,,
11/11/2022,11/11/2022,11/15/2022,PLTR,"Palantir Technologies
CUSIP: 69608A108
1 PLTR Option Assigned",Buy,100,$8.50,-$850.00
11/10/2022,11/10/2022,11/10/2022,,"TMOBILE*PREPD AUTOPY 877-778-2106, WA",CARD,,,-$50.00
11/7/2022,11/7/2022,11/8/2022,APA,APA 4/21/2023 Call $42.50,BTC,1,$12.07,"-$1,207.00"
11/7/2022,11/7/2022,11/8/2022,APA,APA 1/17/2025 Call $55.00,STO,1,$14.92,"$1,491.95"
11/4/2022,11/4/2022,11/7/2022,PLTR,PLTR 11/4/2022 Put $8.50,BTC,1,$0.58,-$58.00
11/4/2022,11/4/2022,11/7/2022,PLTR,PLTR 11/11/2022 Put $8.50,STO,1,$0.91,$90.98
11/4/2022,11/4/2022,11/4/2022,,Gold Fee,GOLD,,,-$5.00
11/3/2022,11/3/2022,11/3/2022,,"PP*GOOGLE YOUTUBE 4029357733, CA",CARD,,,-$2.99
11/2/2022,11/2/2022,11/3/2022,SQQQ,SQQQ 11/4/2022 Put $52.50,STC,1,$1.48,$147.98
11/2/2022,11/2/2022,11/3/2022,SQQQ,SQQQ 11/4/2022 Put $53.00,BTC,1,$1.68,-$168.00
11/1/2022,11/1/2022,11/2/2022,TLRY,TLRY 1/20/2023 Put $3.50,STO,1,$0.57,$56.98
11/1/2022,11/1/2022,11/2/2022,TLRY,TLRY 1/20/2023 Put $3.00,BTC,1,$0.34,-$34.00
10/31/2022,10/31/2022,11/1/2022,PLTR,PLTR 11/4/2022 Put $8.50,STO,1,$0.20,$19.98
10/31/2022,10/31/2022,11/1/2022,CS,CS 11/18/2022 Call $4.50,STO,1,$0.10,$9.98
10/28/2022,10/28/2022,10/31/2022,PLTR,PLTR 10/28/2022 Call $8.50,OASGN,1,,
10/28/2022,10/28/2022,11/1/2022,PLTR,"Palantir Technologies
CUSIP: 69608A108
1 PLTR Option Assigned",Sell,100,$8.50,$849.97
10/28/2022,10/28/2022,10/31/2022,CS,CS 10/28/2022 Put $4.50,OASGN,1,,
10/28/2022,10/28/2022,11/1/2022,CS,"Credit Suisse
CUSIP: 225401108
1 CS Option Assigned",Buy,100,$4.50,-$450.00
10/28/2022,10/28/2022,10/31/2022,SQQQ,SQQQ 11/4/2022 Put $52.50,BTO,1,$2.67,-$267.00
10/28/2022,10/28/2022,10/31/2022,SQQQ,SQQQ 11/4/2022 Put $53.00,STO,1,$2.92,$291.98
10/21/2022,10/21/2022,10/24/2022,CS,CS 10/28/2022 Put $4.50,STO,1,$0.20,$19.98
10/21/2022,10/21/2022,10/24/2022,PLTR,PLTR 10/21/2022 Call $8.50,BTC,1,$0.01,-$1.00
10/21/2022,10/21/2022,10/24/2022,PLTR,PLTR 10/28/2022 Call $8.50,STO,1,$0.16,$15.98
10/21/2022,10/21/2022,10/21/2022,,"PP*GOOGLE YOUTUBE SUBS 4029357733, CA",CARD,,,-$11.99
10/17/2022,10/17/2022,10/19/2022,TQQQ,"ProShares UltraPro QQQ
CUSIP: 74347X831",Sell,10,$19.07,$190.70
10/17/2022,10/17/2022,10/19/2022,TQQQ,"ProShares UltraPro QQQ
CUSIP: 74347X831",Sell,10,$19.07,$190.70
10/17/2022,10/17/2022,10/19/2022,TQQQ,"ProShares UltraPro QQQ
CUSIP: 74347X831",Buy,10,$18.64,-$186.40
10/17/2022,10/17/2022,10/19/2022,TQQQ,"ProShares UltraPro QQQ
CUSIP: 74347X831",Buy,10,$18.54,-$185.40
10/14/2022,10/14/2022,10/17/2022,APA,APA 4/21/2023 Call $42.50,STO,1,$6.52,$651.97
10/14/2022,10/14/2022,10/17/2022,APA,APA 1/20/2023 Call $45.00,BTC,1,$3.50,-$350.00
10/13/2022,10/13/2022,10/14/2022,PLTR,PLTR 10/14/2022 Call $8.50,BTC,1,$0.03,-$3.00
10/13/2022,10/13/2022,10/14/2022,PLTR,PLTR 10/21/2022 Call $8.50,STO,1,$0.13,$12.98
10/10/2022,10/10/2022,10/11/2022,TLRY,TLRY 1/20/2023 Put $3.00,STO,1,$0.60,$59.98
10/10/2022,10/10/2022,10/11/2022,TLRY,TLRY 10/14/2022 Put $3.50,BTC,1,$0.51,-$51.00
10/10/2022,10/10/2022,10/11/2022,PLTR,PLTR 10/14/2022 Call $8.50,STO,1,$0.08,$7.98
10/7/2022,10/7/2022,10/10/2022,PLTR,PLTR 10/7/2022 Put $8.50,OASGN,1,,
10/7/2022,10/7/2022,10/12/2022,PLTR,"Palantir Technologies
CUSIP: 69608A108
1 PLTR Option Assigned",Buy,100,$8.50,-$850.00
10/6/2022,10/6/2022,10/7/2022,TLRY,TLRY 10/14/2022 Put $3.50,STO,1,$0.40,$39.98
10/5/2022,10/5/2022,10/5/2022,,"PAYPAL *BESTBUY COM 4029357733, MN",CARD,,,-$38.45
10/5/2022,10/5/2022,10/5/2022,,Gold Fee,GOLD,,,-$5.00
10/4/2022,10/4/2022,10/5/2022,PLTR,PLTR 10/7/2022 Put $8.00,BTC,1,$0.06,-$6.00
10/4/2022,10/4/2022,10/5/2022,PLTR,PLTR 10/7/2022 Put $8.50,STO,1,$0.18,$17.98
10/4/2022,10/4/2022,10/5/2022,APA,APA 1/20/2023 Call $45.00,STO,1,$2.98,$297.98
10/4/2022,10/4/2022,10/5/2022,APA,APA 10/14/2022 Call $37.50,BTC,1,$2.45,-$245.00
10/3/2022,10/3/2022,10/4/2022,APA,APA 10/7/2022 Call $36.50,BTC,1,$1.52,-$152.00
10/3/2022,10/3/2022,10/4/2022,APA,APA 10/14/2022 Call $37.50,STO,1,$1.65,$164.98
10/3/2022,10/3/2022,10/4/2022,PLTR,PLTR 10/7/2022 Put $8.00,STO,1,$0.21,$20.98
9/30/2022,9/30/2022,10/3/2022,PLTR,PLTR 9/30/2022 Call $8.00,OASGN,1,,
9/30/2022,9/30/2022,10/4/2022,PLTR,"Palantir Technologies
CUSIP: 69608A108
1 PLTR Option Assigned",Sell,100,$8.00,$799.97
9/30/2022,9/30/2022,9/30/2022,,Interest Payment,INT,,,$0.29
9/30/2022,9/30/2022,10/3/2022,APA,APA 9/30/2022 Call $35.50,BTC,1,$0.01,-$1.00
9/30/2022,9/30/2022,10/3/2022,APA,APA 10/7/2022 Call $36.50,STO,1,$0.39,$38.98
9/29/2022,9/29/2022,9/29/2022,,"CCBill.com  *OnlyFans Fort Lauderda, FL",CARD,,,-$19.99
9/29/2022,9/29/2022,9/29/2022,,"SHEIN KENT COUNTY, DE",CARD,,,-$29.85
9/26/2022,9/26/2022,9/27/2022,APA,APA 9/30/2022 Call $35.50,STO,1,$0.16,$15.98
9/26/2022,9/26/2022,9/27/2022,PLTR,PLTR 9/30/2022 Call $8.00,STO,1,$0.09,$8.98
9/26/2022,9/26/2022,9/26/2022,,"PP*GOOGLE YOUTUBE 4029357733, CA",CARD,,,-$14.99
9/26/2022,9/26/2022,9/26/2022,,"CCBill.com  *OnlyFans Fort Lauderda, FL",CARD,,,-$10.00
9/23/2022,9/23/2022,9/26/2022,PLTR,PLTR 9/23/2022 Put $8.00,OASGN,1,,
9/23/2022,9/23/2022,9/27/2022,PLTR,"Palantir Technologies
CUSIP: 69608A108
1 PLTR Option Assigned",Buy,100,$8.00,-$800.00
9/23/2022,9/23/2022,9/26/2022,APA,Option Expiration for APA 9/23/2022 Call $41.00,OEXP,1,,
9/21/2022,9/21/2022,9/22/2022,PLTR,PLTR 9/23/2022 Put $7.50,BTC,1,$0.09,-$9.00
9/21/2022,9/21/2022,9/22/2022,PLTR,PLTR 9/23/2022 Put $8.00,STO,1,$0.25,$24.98
9/21/2022,9/21/2022,9/21/2022,,"OnlyFans INTERNET, GBR",CARD,,,-$10.00
9/21/2022,9/21/2022,9/21/2022,,"PP*GOOGLE YOUTUBE SUBS 4029357733, CA",CARD,,,-$11.99
9/19/2022,9/19/2022,9/20/2022,PLTR,PLTR 9/23/2022 Put $7.50,STO,1,$0.14,$13.98
9/16/2022,9/16/2022,9/19/2022,PLTR,Option Expiration for PLTR 9/16/2022 Put $7.50,OEXP,1,,
9/16/2022,9/16/2022,9/19/2022,APA,APA 9/23/2022 Call $41.00,STO,1,$0.80,$79.98
9/16/2022,9/16/2022,9/19/2022,APA,APA 9/16/2022 Call $40.00,BTC,1,$0.09,-$9.00
9/8/2022,9/8/2022,9/9/2022,PLTR,PLTR 9/9/2022 Put $7.00,BTC,1,$0.03,-$3.00
9/8/2022,9/8/2022,9/9/2022,PLTR,PLTR 9/16/2022 Put $7.50,STO,1,$0.28,$27.98
9/7/2022,9/7/2022,9/8/2022,APA,APA 9/16/2022 Call $40.00,STO,1,$0.45,$44.98
9/7/2022,9/7/2022,9/8/2022,APA,APA 9/9/2022 Call $41.00,BTC,1,$0.02,-$2.00
9/6/2022,9/6/2022,9/7/2022,APA,APA 9/9/2022 Call $41.00,STO,1,$0.38,$37.98
9/6/2022,9/6/2022,9/7/2022,PLTR,PLTR 9/9/2022 Put $7.00,STO,1,$0.11,$10.98
9/6/2022,9/6/2022,9/6/2022,,Gold Fee,GOLD,,,-$5.00
9/2/2022,9/2/2022,9/6/2022,APA,APA 9/2/2022 Put $41.00,OASGN,1,,
9/2/2022,9/2/2022,9/7/2022,APA,"APA Corporation
CUSIP: 03743Q108
1 APA Option Assigned",Buy,100,$41.00,"-$4,100.00"
8/31/2022,8/31/2022,8/31/2022,,Interest Payment,INT,,,$1.55
8/31/2022,8/31/2022,8/31/2022,,"PAYPAL *munozmarsha7 4029357733, CA",CARD,,,-$103.20
8/30/2022,8/30/2022,8/30/2022,,"TMOBILE*PREPAID WEB 877-778-2106, WA",CARD,,,-$60.00
8/29/2022,8/29/2022,8/30/2022,APA,APA 9/2/2022 Put $41.00,STO,1,$0.89,$88.98
8/29/2022,8/29/2022,8/30/2022,APA,APA 9/2/2022 Put $55.00,BTC,1,$13.35,"-$1,335.00"
8/29/2022,8/29/2022,8/30/2022,APA,APA 9/2/2022 Put $40.00,BTC,1,$0.67,-$67.00
8/29/2022,8/29/2022,8/30/2022,APA,APA 9/2/2022 Put $55.00,STO,1,$13.47,"$1,346.95"
8/29/2022,8/29/2022,8/29/2022,,"ONLYFANS 888-6880458, FL",CARD,,,-$10.00
8/26/2022,8/26/2022,8/26/2022,,"PP*GOOGLE YOUTUBE 4029357733, CA",CARD,,,-$14.99
8/24/2022,8/24/2022,8/25/2022,APA,APA 8/26/2022 Put $36.00,BTC,1,$0.04,-$4.00
8/24/2022,8/24/2022,8/25/2022,APA,APA 9/2/2022 Put $40.00,STO,1,$1.49,$148.98
8/22/2022,8/22/2022,8/23/2022,APA,APA 8/26/2022 Put $36.00,STO,1,$1.23,$122.98
8/22/2022,8/22/2022,8/22/2022,,"PP*GOOGLE YOUTUBE SUBS 4029357733, CA",CARD,,,-$11.99
8/19/2022,8/19/2022,8/22/2022,PLAB,Option Expiration for PLAB 8/19/2022 Put $22.50,OEXP,1,,
8/19/2022,8/19/2022,8/19/2022,,ACH Deposit,ACH,,,$900.00
8/18/2022,8/18/2022,8/18/2022,,ACH Deposit,ACH,,,"$1,000.00"
8/15/2022,8/15/2022,8/15/2022,,"PAYPAL *NICKYSKNICK 4029357733, CA",CARD,,,-$50.00
8/15/2022,8/15/2022,8/15/2022,,"PAYPAL *NICKYSKNICK 4029357733, CA",CARD,,,-$100.00
8/15/2022,8/15/2022,8/15/2022,,"PAYPAL *NICKYSKNICK 4029357733, CA",CARD,,,-$50.00
8/15/2022,8/15/2022,8/15/2022,,ACH Deposit,ACH,,,$500.00
8/11/2022,8/11/2022,8/12/2022,PLAB,PLAB 8/19/2022 Put $22.50,STO,1,$0.15,$14.98
8/11/2022,8/11/2022,8/11/2022,,"PAYPAL *BESTBUY COM 4029357733, MN",CARD,,,-$54.80
8/9/2022,8/9/2022,8/9/2022,,ACH Deposit,ACH,,,$500.00
8/8/2022,8/8/2022,8/8/2022,,Gold Fee,GOLD,,,-$5.00
7/29/2022,7/29/2022,7/29/2022,,Interest Payment,INT,,,$1.89
7/28/2022,7/28/2022,7/28/2022,,"WYOMING SECRETARY OF S CHEYENNE, WY",CARD,,,-$62.00
7/27/2022,7/27/2022,7/27/2022,,"CORPORATE FILINGS LLC SHERIDAN, WY",CARD,,,-$25.00
7/26/2022,7/26/2022,7/26/2022,,PAYPAL *MARSHAMUNOZ7   4029357733    CA,CARD,,,$77.48
7/21/2022,7/21/2022,7/21/2022,,"PP*GOOGLE YOUTUBE SUBS 4029357733, CA",CARD,,,-$11.99
7/7/2022,7/7/2022,7/7/2022,,Gold Fee,GOLD,,,-$5.00
6/30/2022,6/30/2022,6/30/2022,,Interest Payment,INT,,,$1.91
6/27/2022,6/27/2022,6/27/2022,,"PAYPAL *marshamunoz7 4029357733, CA",CARD,,,-$77.48
6/22/2022,6/22/2022,6/22/2022,,"AMZN Mktp US Amzn.com/bill, WA",CARD,,,-$19.37
6/22/2022,6/22/2022,6/22/2022,,"AMZN Mktp US Amzn.com/bill, WA",CARD,,,-$11.79
6/21/2022,6/21/2022,6/21/2022,,"PP*GOOGLE YOUTUBE SUBS 4029357733, CA",CARD,,,-$11.99
6/7/2022,6/7/2022,6/7/2022,,Gold Fee,GOLD,,,-$5.00
6/6/2022,6/6/2022,6/6/2022,,"PAYPAL *NETFLIX.COM 4029357733, CA",CARD,,,-$9.99
5/31/2022,5/31/2022,5/31/2022,,Interest Payment,INT,,,$1.37
5/26/2022,5/26/2022,5/26/2022,,"D J*WALL-ST-JOURNAL 800-568-7625, MA",CARD,,,-$31.51
5/23/2022,5/23/2022,5/23/2022,,"PP*GOOGLE YOUTUBE SUBS 4029357733, CA",CARD,,,-$11.99
5/13/2022,5/13/2022,5/16/2022,ET,Option Expiration for ET 5/13/2022 Put $11.00,OEXP,1,,
5/9/2022,5/9/2022,5/10/2022,ET,ET 5/13/2022 Put $11.00,STO,1,$0.24,$23.98
5/9/2022,5/9/2022,5/9/2022,,ACH Deposit,ACH,,,$500.00
5/6/2022,5/6/2022,5/9/2022,ET,Option Expiration for ET 5/6/2022 Put $11.00,OEXP,1,,
5/6/2022,5/6/2022,5/6/2022,,"FRB*FORBES MAGAZINE 800-888-9896, NJ",CARD,,,-$20.00
5/4/2022,5/4/2022,5/4/2022,,"PAYPAL *NETFLIX.COM 4029357733, CA",CARD,,,-$9.99
4/29/2022,4/29/2022,4/29/2022,,Interest Payment,INT,,,$0.17
4/29/2022,4/29/2022,5/2/2022,ET,ET 4/29/2022 Put $11.00,BTC,1,$0.02,-$2.00
4/29/2022,4/29/2022,5/2/2022,ET,ET 5/6/2022 Put $11.00,STO,1,$0.25,$24.98
4/28/2022,4/28/2022,4/29/2022,ET,ET 4/29/2022 Put $11.00,STO,1,$0.10,$9.98
4/26/2022,4/26/2022,4/26/2022,,"PAYPAL *DIGITALOCEA 4029357733, NY",CARD,,,-$10.00
4/22/2022,4/22/2022,4/22/2022,,ACH Deposit,ACH,,,"$1,971.03"
4/22/2022,4/22/2022,4/22/2022,,ACH Deposit,ACH,,,$100.00
4/21/2022,4/21/2022,4/21/2022,,"PP*GOOGLE YOUTUBE SUBS 4029357733, CA",CARD,,,-$11.99
4/11/2022,4/11/2022,4/11/2022,,"PP*GOOGLE INNOGAMES GM 4029357733, CA",CARD,,,-$199.99
4/5/2022,4/5/2022,4/5/2022,,"PAYPAL *BESTBUY COM 4029357733, MN",CARD,,,-$71.15
4/4/2022,4/4/2022,4/4/2022,,"PAYPAL *NETFLIX.COM 4029357733, CA",CARD,,,-$9.99
3/31/2022,3/31/2022,3/31/2022,,Interest Payment,INT,,,$0.10
3/21/2022,3/21/2022,3/21/2022,,"PP*GOOGLE YOUTUBE SUBS 4029357733, CA",CARD,,,-$11.99
3/4/2022,3/4/2022,3/4/2022,,"PAYPAL *BESTBUY COM 4029357733, MN",CARD,,,-$71.15
3/4/2022,3/4/2022,3/4/2022,,"PAYPAL *NETFLIX.COM 4029357733, CA",CARD,,,-$8.99
2/28/2022,2/28/2022,2/28/2022,,Interest Payment,INT,,,$0.05
2/28/2022,2/28/2022,2/28/2022,,"PP*GOOGLE INNOGAMES GM 4029357733, CA",CARD,,,-$19.99
2/22/2022,2/22/2022,2/22/2022,,"PP*GOOGLE YOUTUBE SUBS 4029357733, CA",CARD,,,-$11.99
2/14/2022,2/14/2022,2/14/2022,,"PP*GOOGLE YOUTUBE 4029357733, CA",CARD,,,-$5.99
2/11/2022,2/11/2022,2/15/2022,ACB,"Aurora Cannabis
CUSIP: 05156X884",Sell,80,$4.71,$376.79
2/9/2022,2/9/2022,2/11/2022,ACB,"Aurora Cannabis
CUSIP: 05156X884",Sell,10,$4.60,$46.03
2/7/2022,2/7/2022,2/7/2022,,"PP*GOOGLE INNOGAMES GM 4029357733, CA",CARD,,,-$2.99
2/4/2022,2/4/2022,2/4/2022,,"PAYPAL *NETFLIX.COM 4029357733, CA",CARD,,,-$8.99
1/21/2022,1/21/2022,1/21/2022,,"PP*GOOGLE YOUTUBE SUBS 4029357733, CA",CARD,,,-$11.99
1/19/2022,1/19/2022,1/21/2022,ACB,"Aurora Cannabis
CUSIP: 05156X884",Sell,10,$4.88,$48.82
1/7/2022,1/7/2022,1/7/2022,,"PAYPAL *NETFLIX.COM 4029357733, CA",CARD,,,-$8.99
1/7/2022,1/7/2022,1/7/2022,,"PAYPAL *DIGITALOCEA 4029357733, NY",CARD,,,-$5.00
1/5/2022,1/5/2022,1/5/2022,,ACH Deposit,ACH,,,$1.00
12/28/2021,12/28/2021,12/28/2021,,"PAYPAL *BESTBUY COM 4029357733, MN",CARD,,,-$71.15
12/21/2021,12/21/2021,12/21/2021,,"PP*GOOGLE YOUTUBE SUBS 4029357733, CA",CARD,,,-$11.99
12/17/2021,12/17/2021,12/20/2021,ACB,Option Expiration for ACB 12/17/2021 Call $8.00,OEXP,1,,
12/6/2021,12/6/2021,12/6/2021,,"PAYPAL *NETFLIX.COM 4029357733, CA",CARD,,,-$8.99
11/30/2021,11/30/2021,11/30/2021,,Interest Payment,INT,,,$0.04
11/29/2021,11/29/2021,11/30/2021,ACB,ACB 12/17/2021 Call $8.00,STO,1,$0.12,$11.98
11/29/2021,11/29/2021,11/29/2021,,"PAYPAL *BESTBUY COM 4029357733, MN",CARD,,,-$71.15
11/26/2021,11/26/2021,11/29/2021,ACB,ACB 11/26/2021 Put $8.00,OASGN,1,,
11/26/2021,11/26/2021,11/30/2021,ACB,"Aurora Cannabis
CUSIP: 05156X884
1 ACB Option Assigned",Buy,100,$8.00,-$800.00
11/22/2021,11/22/2021,11/22/2021,,"PP*GOOGLE YOUTUBE SUBS 4029357733, CA",CARD,,,-$11.99
11/15/2021,11/15/2021,11/16/2021,ACB,ACB 11/26/2021 Put $8.00,STO,1,$0.52,$51.98
11/12/2021,11/12/2021,11/15/2021,CODX,CODX 11/12/2021 Call $9.00,OASGN,1,,
11/12/2021,11/12/2021,11/16/2021,CODX,"Co-Diagnostics
CUSIP: 189763105
1 CODX Option Assigned",Sell,100,$9.00,$899.98
11/8/2021,11/8/2021,11/9/2021,CODX,CODX 11/12/2021 Call $9.00,STO,1,$0.30,$29.98
11/5/2021,11/5/2021,11/8/2021,CODX,Option Expiration for CODX 11/5/2021 Call $9.00,OEXP,1,,
11/4/2021,11/4/2021,11/4/2021,,"PAYPAL *NETFLIX.COM 4029357733, CA",CARD,,,-$8.99
11/1/2021,11/1/2021,11/1/2021,,"PAYPAL *BESTBUY COM 4029357733, MN",CARD,,,-$71.15
10/29/2021,10/29/2021,10/29/2021,,Interest Payment,INT,,,$0.09
10/25/2021,10/25/2021,10/26/2021,CODX,CODX 11/5/2021 Call $9.00,STO,1,$0.15,$14.98
10/22/2021,10/22/2021,10/25/2021,CODX,CODX 10/22/2021 Put $9.00,OASGN,1,,
10/22/2021,10/22/2021,10/26/2021,CODX,"Co-Diagnostics
CUSIP: 189763105
1 CODX Option Assigned",Buy,100,$9.00,-$900.00
10/21/2021,10/21/2021,10/21/2021,,"PP*GOOGLE YOUTUBE SUBS 4029357733, CA",CARD,,,-$11.99
10/5/2021,10/5/2021,10/5/2021,,"PAYPAL *NETFLIX.COM 4029357733, CA",CARD,,,-$8.99
9/30/2021,9/30/2021,9/30/2021,,Interest Payment,INT,,,$0.16
9/30/2021,9/30/2021,9/30/2021,,"PAYPAL *BESTBUYCOIN 4029357733, MN",CARD,,,-$71.15
9/23/2021,9/23/2021,9/24/2021,CODX,CODX 10/22/2021 Put $9.00,STO,1,$0.35,$34.98
9/23/2021,9/23/2021,9/23/2021,,"PP*GOOGLE YOUTUBE SUBS 4029357733, CA",CARD,,,-$11.99
9/10/2021,9/10/2021,9/13/2021,CODX,Option Expiration for CODX 9/10/2021 Put $10.50,OEXP,1,,
9/7/2021,9/7/2021,9/7/2021,,"PAYPAL *NETFLIX.COM 4029357733, CA",CARD,,,-$1.86
8/31/2021,8/31/2021,8/31/2021,,Interest Payment,INT,,,$0.15
8/31/2021,8/31/2021,9/1/2021,CODX,CODX 9/10/2021 Put $10.50,STO,1,$0.35,$34.98
8/31/2021,8/31/2021,8/31/2021,,"PAYPAL *BESTBUY COM 4029357733, MN",CARD,,,-$71.15
8/20/2021,8/20/2021,8/23/2021,MNKD,Option Expiration for MNKD 8/20/2021 Put $4.00,OEXP,1,,
7/30/2021,7/30/2021,7/30/2021,,Interest Payment,INT,,,$0.10
7/26/2021,7/26/2021,7/26/2021,,"WYOMING SECRETARY OF S CHEYENNE, WY",CARD,,,-$62.00
7/23/2021,7/23/2021,7/23/2021,,"CORPORATE FILINGS LLC SHERIDAN, WY",CARD,,,-$25.00
7/22/2021,7/22/2021,7/23/2021,MNKD,MNKD 8/20/2021 Put $4.00,STO,1,$0.20,$19.98
6/30/2021,6/30/2021,6/30/2021,,Interest Payment,INT,,,$0.03
6/25/2021,6/25/2021,6/28/2021,MNKD,MNKD 6/25/2021 Call $4.50,OASGN,1,,
6/25/2021,6/25/2021,6/29/2021,MNKD,"MannKind
CUSIP: 56400P706
1 MNKD Option Assigned",Sell,100,$4.50,$449.99
6/16/2021,6/16/2021,6/17/2021,MNKD,MNKD 6/25/2021 Call $4.50,STO,1,$0.20,$19.98
5/28/2021,5/28/2021,6/1/2021,MNKD,Option Expiration for MNKD 5/28/2021 Call $4.50,OEXP,1,,
5/28/2021,5/28/2021,5/28/2021,,Interest Payment,INT,,,$0.01
5/19/2021,5/19/2021,5/20/2021,MNKD,MNKD 5/28/2021 Call $4.50,STO,1,$0.10,$9.98
5/14/2021,5/14/2021,5/17/2021,MNKD,Option Expiration for MNKD 5/14/2021 Call $4.50,OEXP,1,,
5/10/2021,5/10/2021,5/11/2021,MNKD,MNKD 5/14/2021 Call $4.50,STO,1,$0.20,$19.98
5/7/2021,5/7/2021,5/10/2021,MNKD,MNKD 5/7/2021 Put $4.50,OASGN,1,,
5/7/2021,5/7/2021,5/11/2021,MNKD,"MannKind
CUSIP: 56400P706
1 MNKD Option Assigned",Buy,100,$4.50,-$450.00
4/30/2021,4/30/2021,4/30/2021,,Interest Payment,INT,,,$0.04
4/26/2021,4/26/2021,4/27/2021,MNKD,MNKD 5/7/2021 Put $4.50,STO,1,$0.15,$14.98
4/23/2021,4/23/2021,4/26/2021,MNKD,Option Expiration for MNKD 4/23/2021 Put $4.00,OEXP,1,,
4/19/2021,4/19/2021,4/20/2021,MNKD,MNKD 4/23/2021 Put $4.00,STO,1,$0.10,$9.98
4/16/2021,4/16/2021,4/19/2021,MNKD,Option Expiration for MNKD 4/16/2021 Put $4.00,OEXP,1,,
4/8/2021,4/8/2021,4/9/2021,MNKD,MNKD 4/16/2021 Put $4.00,STO,1,$0.15,$14.98
3/31/2021,3/31/2021,3/31/2021,,Customer submitted check request: Brenyn Marshall,BIL,,,-$950.00
3/31/2021,3/31/2021,3/31/2021,,Interest Payment,INT,,,$0.17
3/23/2021,3/23/2021,3/24/2021,CLVS,CLVS 3/26/2021 Put $7.50,BTC,1,$0.81,-$81.00
3/22/2021,3/22/2021,3/23/2021,CLVS,CLVS 3/26/2021 Put $7.50,STO,1,$0.51,$50.98
3/18/2021,3/18/2021,3/18/2021,,"ACCESS/MCP INMATE PACK SAINT LOUIS, MO",CARD,,,-$145.48
3/17/2021,3/17/2021,3/17/2021,,IRS  TREAS 310,NOA,,,"$1,400.00"
2/26/2021,2/26/2021,2/26/2021,,Interest Payment,INT,,,$0.04
1/29/2021,1/29/2021,1/29/2021,,Interest Payment,INT,,,$0.09
1/5/2021,1/5/2021,1/5/2021,,Customer submitted check request: Brenyn Marshall,BIL,,,"-$2,000.00"
1/4/2021,1/4/2021,1/4/2021,,IRS  TREAS 310,NOA,,,$600.00
12/31/2020,12/31/2020,12/31/2020,,Interest Payment,INT,,,$0.02
11/30/2020,11/30/2020,11/30/2020,,Interest Payment,INT,,,$0.09
11/12/2020,11/12/2020,11/12/2020,,IRS  TREAS 310,NOA,,,"$1,200.00"
12/18/2018,12/18/2018,12/18/2018,,ACH Deposit,ACH,,,$30.00
11/12/2018,11/12/2018,11/12/2018,,Apex to RHS Conversion,CONV,,,$5.00